code,system
B17y.00,readv2
B50..00,readv2
B223100,readv2
B200100,readv2
B114.00,readv2
A789800,readv2
B205.00,readv2
B055100,readv2
B130.00,readv2
B011.00,readv2
B213200,readv2
B517200,readv2
B471.00,readv2
B105.00,readv2
ZV10011,readv2
B484.00,readv2
B015.00,readv2
B173.00,readv2
142..00,readv2
B481.00,readv2
B4A0.00,readv2
B142000,readv2
B49..00,readv2
B34..00,readv2
B203.00,readv2
B524100,readv2
B543.00,readv2
B545.00,readv2
B241200,readv2
B111.00,readv2
B46..00,readv2
ZV10512,readv2
B002300,readv2
ZV10416,readv2
B513.00,readv2
B34y.00,readv2
B137.00,readv2
B314.00,readv2
B306100,readv2
Byu5.00,readv2
B302100,readv2
B112.00,readv2
B545100,readv2
B307000,readv2
B512000,readv2
B002100,readv2
B312400,readv2
Byu9.00,readv2
B340100,readv2
B49y000,readv2
B0z1.00,readv2
B003300,readv2
B021.00,readv2
ZV10412,readv2
B340.00,readv2
B300.00,readv2
B342.00,readv2
B540.00,readv2
B003200,readv2
B503.00,readv2
B42..00,readv2
B212.00,readv2
B440.00,readv2
B081.00,readv2
B45X.00,readv2
B062000,readv2
B22..00,readv2
B453.00,readv2
B33..15,readv2
B300200,readv2
B346.00,readv2
B050.11,readv2
ZV10513,readv2
B4Ay000,readv2
B051000,readv2
B49y.00,readv2
B35z000,readv2
B305C00,readv2
B224000,readv2
B243.00,readv2
B204.00,readv2
B430211,readv2
ZV10y13,readv2
B18y700,readv2
B343.00,readv2
B490.00,readv2
B0...00,readv2
B508.00,readv2
B304400,readv2
B10y.00,readv2
B480.00,readv2
B51y000,readv2
B13..00,readv2
B331.00,readv2
B18y.00,readv2
ZV67700,readv2
B304.00,readv2
B00..00,readv2
B07y.00,readv2
B012.00,readv2
B35z.00,readv2
B300100,readv2
B1z2.00,readv2
B062200,readv2
B441.00,readv2
B062100,readv2
B052.00,readv2
B34y000,readv2
B063.00,readv2
B305.11,readv2
B305100,readv2
B350000,readv2
B21..00,readv2
B308.00,readv2
B520200,readv2
B311100,readv2
B062.00,readv2
Byu1.00,readv2
B524W00,readv2
B303200,readv2
ZV67A00,readv2
ZV10300,readv2
B241300,readv2
B524200,readv2
B306200,readv2
B170.00,readv2
B225.00,readv2
B494.00,readv2
B300800,readv2
B122.00,readv2
B524.00,readv2
B072.00,readv2
B001000,readv2
B0z2.00,readv2
B430300,readv2
B4A..11,readv2
B540000,readv2
B11y.00,readv2
B222000,readv2
B470.00,readv2
B10..00,readv2
B064000,readv2
B210.00,readv2
B031.00,readv2
B104.00,readv2
B300A00,readv2
Byu8000,readv2
B180100,readv2
B004300,readv2
B310500,readv2
B002200,readv2
B331000,readv2
B2zy.00,readv2
B12..00,readv2
B541.00,readv2
B48y200,readv2
B106.00,readv2
B550.00,readv2
B313000,readv2
B303000,readv2
B131.00,readv2
B162.00,readv2
ZV10111,readv2
B304300,readv2
B18y100,readv2
B223000,readv2
B310100,readv2
B312500,readv2
B305A00,readv2
B501000,readv2
B21y.00,readv2
B065.00,readv2
B123.00,readv2
B221100,readv2
B4...00,readv2
B332200,readv2
B310400,readv2
B151400,readv2
B110111,readv2
B120.00,readv2
B491.00,readv2
B040.00,readv2
B0zy.00,readv2
B18y400,readv2
B142.00,readv2
B516.00,readv2
B311500,readv2
Byu7100,readv2
B313200,readv2
B010.11,readv2
B410000,readv2
ZV10214,readv2
BB02.00,readv2
ZV10.00,readv2
B180.00,readv2
B411.00,readv2
B060000,readv2
B50y.00,readv2
B334000,readv2
ZV10415,readv2
ByuB.00,readv2
B005.00,readv2
B073.00,readv2
B222.00,readv2
Byu2.00,readv2
B053.00,readv2
B0z..00,readv2
B517000,readv2
B113.00,readv2
B242.00,readv2
Byu0.00,readv2
ZV10211,readv2
B331200,readv2
B54y.00,readv2
B313100,readv2
ZV10411,readv2
B03y.00,readv2
B524000,readv2
B301.00,readv2
B311200,readv2
B442.00,readv2
B054.00,readv2
B48..00,readv2
B1z1.00,readv2
B303.00,readv2
B53..00,readv2
B201000,readv2
B310300,readv2
ZV10511,readv2
B240.00,readv2
B220100,readv2
ZV10400,readv2
B117.00,readv2
B511.00,readv2
B2z..00,readv2
ZV10y15,readv2
B070.00,readv2
B310000,readv2
B43..00,readv2
B41..00,readv2
B4A2.00,readv2
BB01.00,readv2
ZV10017,readv2
B551.00,readv2
B141.00,readv2
B202.00,readv2
B302000,readv2
B517.00,readv2
B308100,readv2
B304100,readv2
ZV10414,readv2
ZV10500,readv2
B05y.00,readv2
B067.00,readv2
B55..00,readv2
B450100,readv2
B221.00,readv2
B050.00,readv2
B003000,readv2
B300B00,readv2
B001.00,readv2
B51..00,readv2
B510400,readv2
ZV10015,readv2
B331100,readv2
ZV10212,readv2
B214.00,readv2
B110000,readv2
B515.00,readv2
B515000,readv2
B060.00,readv2
B35..00,readv2
B02..00,readv2
B430.00,readv2
B060100,readv2
B124.00,readv2
B496.00,readv2
B6...00,readv2
B303300,readv2
ByuA300,readv2
B150.00,readv2
B22y.00,readv2
B000000,readv2
B102.00,readv2
ZV10y12,readv2
B180200,readv2
B485.00,readv2
B1...00,readv2
B41y.00,readv2
B18..00,readv2
ZV10417,readv2
B524300,readv2
B307200,readv2
B307100,readv2
B200.00,readv2
B315200,readv2
B213300,readv2
B224.00,readv2
B101.00,readv2
B497.00,readv2
Byu2400,readv2
B071.00,readv2
B241000,readv2
B030.00,readv2
B300500,readv2
B506.00,readv2
B308200,readv2
B300600,readv2
B486.00,readv2
B51y200,readv2
B206.00,readv2
B520000,readv2
B517300,readv2
B17..00,readv2
B006.00,readv2
B224100,readv2
B304200,readv2
B452.00,readv2
B241.00,readv2
B410.00,readv2
B451.00,readv2
B08..00,readv2
B482.00,readv2
B51y.00,readv2
B410100,readv2
B520100,readv2
B01y.00,readv2
B487.00,readv2
B07..00,readv2
B523.00,readv2
B061.00,readv2
B55y.00,readv2
B020.00,readv2
B45y.00,readv2
B41y100,readv2
B110.00,readv2
B52W.00,readv2
B056.00,readv2
B138.00,readv2
B11y100,readv2
B013100,readv2
B4A4.00,readv2
ZV10112,readv2
B300900,readv2
B12y.00,readv2
B100.00,readv2
B010.00,readv2
B18y200,readv2
ByuC800,readv2
B14..00,readv2
B432.00,readv2
B110100,readv2
B6y..00,readv2
B430000,readv2
B47..00,readv2
B305.12,readv2
Byu7.00,readv2
B44..00,readv2
B171.00,readv2
B310200,readv2
B064100,readv2
B44y.00,readv2
B4A3.00,readv2
B03..00,readv2
Byu2300,readv2
B161000,readv2
B04..00,readv2
B443.00,readv2
B222100,readv2
B003100,readv2
B501.00,readv2
B051100,readv2
B431.00,readv2
B504.00,readv2
B524400,readv2
B307.00,readv2
B042.00,readv2
ZV10y00,readv2
B01..00,readv2
B4Ay.00,readv2
B306000,readv2
B220.00,readv2
B507100,readv2
B495.00,readv2
B134.00,readv2
B04y.00,readv2
B45y000,readv2
B000.00,readv2
B4y..00,readv2
B31..00,readv2
B340000,readv2
B016.00,readv2
B344.00,readv2
B26..00,readv2
B512.00,readv2
B521.00,readv2
B510500,readv2
B347.00,readv2
B492.00,readv2
B111000,readv2
B02y.00,readv2
B066.00,readv2
B06y.00,readv2
B507.00,readv2
B010000,readv2
B48y000,readv2
B313.00,readv2
B41y000,readv2
B160.00,readv2
ZV10018,readv2
B525.00,readv2
B510000,readv2
B083.00,readv2
B52y.00,readv2
B11..00,readv2
ZV10y11,readv2
B493.00,readv2
B111100,readv2
B003.00,readv2
B315000,readv2
B041.00,readv2
B022.00,readv2
B13y.00,readv2
B311400,readv2
B431000,readv2
B001100,readv2
B350100,readv2
B18y300,readv2
B161300,readv2
B200000,readv2
ZV10y16,readv2
B211.00,readv2
B140.00,readv2
B121.00,readv2
B011100,readv2
B305.00,readv2
B055000,readv2
B545000,readv2
B060200,readv2
B064.00,readv2
ZV67600,readv2
B430100,readv2
B500200,readv2
B06..00,readv2
B522.00,readv2
B304000,readv2
B175.00,readv2
B510300,readv2
B430200,readv2
B350.00,readv2
B071000,readv2
Byu8.00,readv2
B300C00,readv2
B103.00,readv2
B300700,readv2
B521200,readv2
B48y.00,readv2
B4A1000,readv2
ByuC000,readv2
B161100,readv2
B500000,readv2
Byu6.00,readv2
ZV10019,readv2
B163.00,readv2
ByuC100,readv2
B412.00,readv2
B544.00,readv2
B14y.00,readv2
B303100,readv2
B312000,readv2
B17y000,readv2
B33..14,readv2
B000100,readv2
B305000,readv2
B303400,readv2
B308300,readv2
B552.00,readv2
B074.00,readv2
B223.00,readv2
B300000,readv2
B311000,readv2
B520.00,readv2
B311300,readv2
B48y100,readv2
B345.00,readv2
B172.00,readv2
ZV10016,readv2
B302.00,readv2
B502.00,readv2
B24..00,readv2
B002.00,readv2
B500100,readv2
B450.00,readv2
B43y.00,readv2
B151200,readv2
B300300,readv2
B303500,readv2
B302200,readv2
B133.00,readv2
B11y000,readv2
B510100,readv2
BBEC.00,readv2
B326500,readv2
BBEM.00,readv2
BBEG.00,readv2
B327100,readv2
B326100,readv2
B327000,readv2
BBE1100,readv2
B325.00,readv2
B828700,readv2
B325100,readv2
B327300,readv2
4M74.00,readv2
B828300,readv2
BBE..00,readv2
BBE2.00,readv2
1425000,readv2
B320.00,readv2
B323200,readv2
ByuF600,readv2
B327800,readv2
B828400,readv2
B325600,readv2
B327900,readv2
B326200,readv2
B325200,readv2
4M71.00,readv2
BBEH.00,readv2
B323400,readv2
B325000,readv2
4M70.00,readv2
B325300,readv2
4M3..00,readv2
B828100,readv2
B321.00,readv2
BBEG.11,readv2
B828600,readv2
B325500,readv2
B327.00,readv2
B324.00,readv2
B326.00,readv2
B322000,readv2
B327500,readv2
B828900,readv2
B323500,readv2
4M73.00,readv2
B326400,readv2
BBET.00,readv2
B324100,readv2
4M72.00,readv2
BBE4.00,readv2
B828200,readv2
7G03J00,readv2
B322.00,readv2
BBEX.00,readv2
B327700,readv2
BBEA.00,readv2
B326000,readv2
B326300,readv2
B323100,readv2
B327400,readv2
B324000,readv2
B828000,readv2
B325700,readv2
B325800,readv2
B323000,readv2
B327600,readv2
B828800,readv2
B828500,readv2
BBES.00,readv2
BBEN.11,readv2
BBEP.00,readv2
BBE1000,readv2
B327200,readv2
B323300,readv2
BB5D.11,readv2
BBLG.00,readv2
BB5f.00,readv2
BB5U.00,readv2
BB51100,readv2
BB82.00,readv2
BB5S.00,readv2
BB61.00,readv2
BB5T.00,readv2
BB5c.00,readv2
BB5M.00,readv2
BB51000,readv2
BBQ9.00,readv2
BB62.00,readv2
BB69.00,readv2
BB6A.00,readv2
BB5U100,readv2
BB5X.00,readv2
BB52000,readv2
BB5W.00,readv2
B48yz00,readv2
B34yz00,readv2
B302z00,readv2
B150z00,readv2
B801z00,readv2
BBLH.00,readv2
B822z00,readv2
B4A1z00,readv2
B450z00,readv2
B6z0.00,readv2
B064z00,readv2
B0zz.00,readv2
B151z00,readv2
BB4z.00,readv2
BBV..11,readv2
B35zz00,readv2
BBEz.00,readv2
BBV1.11,readv2
B512z00,readv2
BB85z00,readv2
B8z..00,readv2
BB5jz00,readv2
B213z00,readv2
BB9M.00,readv2
B060z00,readv2
BBF6.00,readv2
B521z00,readv2
BB80100,readv2
BBW4.00,readv2
BBN5.00,readv2
BBJ1.00,readv2
B517z00,readv2
B001z00,readv2
B806.00,readv2
BB90.00,readv2
BBF1.00,readv2
BBF3.00,readv2
B110z00,readv2
B59zX00,readv2
BB5Dz00,readv2
BB5D500,readv2
B22z.00,readv2
BB69z00,readv2
B47z.00,readv2
B340z00,readv2
B523z00,readv2
BB18.00,readv2
B10z.00,readv2
B550200,readv2
B6z..00,readv2
B332z00,readv2
B306z00,readv2
B804z00,readv2
B500z00,readv2
B327z00,readv2
B826z00,readv2
B33z.00,readv2
BB5cz00,readv2
BBF..00,readv2
B224z00,readv2
B31z000,readv2
BBF5.11,readv2
B550300,readv2
B073z00,readv2
BBE1.13,readv2
B01z.00,readv2
BB29.12,readv2
B43z.00,readv2
B111z00,readv2
BBF2.00,readv2
BB17.00,readv2
BBQ7200,readv2
B551100,readv2
B430z00,readv2
B554.00,readv2
B11yz00,readv2
BB5T100,readv2
B010z00,readv2
B24z.00,readv2
B810z00,readv2
B221z00,readv2
B324z00,readv2
BB5Wz00,readv2
BBrA312,readv2
B802z00,readv2
BB2A.00,readv2
B555.00,readv2
B550500,readv2
B180z00,readv2
B5z..00,readv2
B807z00,readv2
B011z00,readv2
B06z.00,readv2
B812z00,readv2
B072z00,readv2
B51yz00,readv2
B334z00,readv2
BBE1.00,readv2
B827z00,readv2
B223z00,readv2
BBG1.00,readv2
BBL9.00,readv2
B44z.00,readv2
B000z00,readv2
BBV1.00,readv2
BBE1.12,readv2
BB11.11,readv2
B222z00,readv2
B300z00,readv2
B326z00,readv2
BBN2.00,readv2
B003z00,readv2
BB5Tz00,readv2
B82z.00,readv2
B83z.00,readv2
BB5Bz00,readv2
BBF5.00,readv2
BBM8.00,readv2
BBF4.00,readv2
BBN4.00,readv2
BBN1.00,readv2
B16z.00,readv2
B41yz00,readv2
B545z00,readv2
B55yz00,readv2
B13z.00,readv2
B551z00,readv2
B04z.00,readv2
BB5Lz00,readv2
BBd2.11,readv2
B33z000,readv2
B241z00,readv2
B825100,readv2
BBQ3.00,readv2
B161z00,readv2
BBVz.00,readv2
BB81200,readv2
B220z00,readv2
BB2C.00,readv2
B550400,readv2
B81z.00,readv2
Byu5300,readv2
BB9B.00,readv2
B553000,readv2
BB80z00,readv2
B825z00,readv2
B11z.00,readv2
BB52.00,readv2
BBLJ.00,readv2
B18yz00,readv2
BB5Cz00,readv2
BB82z00,readv2
BB91.11,readv2
B013z00,readv2
B215.00,readv2
B34z.00,readv2
BBFz.00,readv2
B501z00,readv2
BBV1.13,readv2
B550000,readv2
B510z00,readv2
B21z.00,readv2
B551000,readv2
BBY0.00,readv2
B54z.00,readv2
B333z00,readv2
B12z.00,readv2
B336z00,readv2
BB1J.00,readv2
B055z00,readv2
BBgJ.11,readv2
BB5z.00,readv2
BB5Nz00,readv2
B308z00,readv2
BBLD.00,readv2
B17z.00,readv2
B551200,readv2
BBK0200,readv2
B55y200,readv2
B50z.00,readv2
B200z00,readv2
BB9F.00,readv2
B49z.00,readv2
BBF4.11,readv2
BB62z00,readv2
BB43.00,readv2
BB81500,readv2
B55y100,readv2
BBGM.00,readv2
B81yz00,readv2
B550z00,readv2
BB5fz00,readv2
BB5Xz00,readv2
BB22.00,readv2
B542z00,readv2
BB2A.13,readv2
B00zz00,readv2
BB11.00,readv2
BB5Uz00,readv2
B062z00,readv2
B553z00,readv2
B653100,readv2
B20z.00,readv2
B55y000,readv2
BB24.00,readv2
B23z.00,readv2
B08z.00,readv2
B1zz.00,readv2
BB5f100,readv2
B2zz.00,readv2
B3z..00,readv2
B06yz00,readv2
B323z00,readv2
B305z00,readv2
BB31.00,readv2
B335z00,readv2
BBEQ.00,readv2
B803z00,readv2
B48z.00,readv2
BBK3100,readv2
B520z00,readv2
B41z.00,readv2
BB12.00,readv2
BB93.00,readv2
B52z.00,readv2
B07z.00,readv2
B51z.00,readv2
B322z00,readv2
B470z00,readv2
B303z00,readv2
BBDB.11,readv2
BB5Mz00,readv2
BBLE.00,readv2
B18z.00,readv2
BBX1.11,readv2
B410z00,readv2
BB2A.11,readv2
BBL7111,readv2
BB5X100,readv2
BB5Vz00,readv2
B8yyz00,readv2
B808z00,readv2
B14z.00,readv2
B31z.00,readv2
B17yz00,readv2
B05z000,readv2
B05z.00,readv2
BBK2z00,readv2
B592X00,readv2
BBL4.00,readv2
B33z.11,readv2
B1z1z00,readv2
B337z00,readv2
BBY0.11,readv2
B15z.00,readv2
BB5az00,readv2
BBd2.12,readv2
BBV..13,readv2
BB19.00,readv2
B002z00,readv2
B02z.00,readv2
B30z.00,readv2
B03z.00,readv2
B550100,readv2
B431z00,readv2
B325z00,readv2
B4Az.00,readv2
BB5P.00,readv2
B55z.00,readv2
B071z00,readv2
BB81E00,readv2
B3...12,readv2
B800z00,readv2
B540z00,readv2
B4z..00,readv2
B307z00,readv2
B32z.00,readv2
B451z00,readv2
B59z.00,readv2
BBf..00,readv2
BB5Sz00,readv2
BB29.00,readv2
Byu5B00,readv2
BBL0.00,readv2
B833z00,readv2
BBf2.00,readv2
B471z00,readv2
BBTA.00,readv2
B45z.00,readv2
A220.11,readv2
BBZG.11,readv2
BBe9.00,readv2
BBj0.11,readv2
BBQA100,readv2
BB5D512,readv2
SN5y100,readv2
BB5B500,readv2
BBd2.00,readv2
BB5B300,readv2
BB5R600,readv2
F122.00,readv2
BBX1.12,readv2
BBB6100,readv2
F396200,readv2
BBLC100,readv2
BBM0100,readv2
B911000,readv2
BBW8.00,readv2
BBTD200,readv2
BBe7.11,readv2
BBb0.00,readv2
BBD1.00,readv2
BBDA.00,readv2
BBT7100,readv2
F373.00,readv2
BBe7.00,readv2
BBGJ.00,readv2
BBQ7213,readv2
B81y000,readv2
B23y.00,readv2
B230.00,readv2
Byu2100,readv2
B23..00,readv2
4D56.00,readv2
H51y700,readv2
B25..00,readv2
B231.00,readv2
B4A1.00,readv2
B4A1100,readv2
B315.00,readv2
B18y500,readv2
B306.00,readv2
B524500,readv2
B553.00,readv2
B800400,readv2
B825200,readv2
B4...11,readv2
B810000,readv2
B801200,readv2
B830100,readv2
BB5RA00,readv2
BB2E.00,readv2
BB3E.00,readv2
B832.00,readv2
BB1C.00,readv2
B81y100,readv2
ByuFG00,readv2
B837.00,readv2
BB2A.12,readv2
BB1G.00,readv2
BBZ2.11,readv2
BB5D.00,readv2
B827200,readv2
B825.00,readv2
BB24.11,readv2
BB9D.00,readv2
BB5b.00,readv2
B831100,readv2
B8y0.00,readv2
B826.00,readv2
BB1N.00,readv2
B808100,readv2
B80z000,readv2
BB3D.00,readv2
BB5V311,readv2
B8...00,readv2
B823000,readv2
B833000,readv2
B8yy300,readv2
B81y600,readv2
B826100,readv2
B801000,readv2
BB36.00,readv2
142..12,readv2
B802000,readv2
D212000,readv2
B807100,readv2
BB2G.00,readv2
BB4A.00,readv2
BB1J.12,readv2
B808000,readv2
B833100,readv2
Byu1100,readv2
BB24.12,readv2
BB26.11,readv2
B808600,readv2
BB34.00,readv2
B823300,readv2
B800700,readv2
BB5B.00,readv2
BB5D800,readv2
BB94.00,readv2
B827000,readv2
BB5j200,readv2
B802400,readv2
B827.11,readv2
B812100,readv2
B803300,readv2
BB81B00,readv2
B812200,readv2
B808.00,readv2
B802.00,readv2
B807200,readv2
B150300,readv2
BB5h100,readv2
B800300,readv2
BB94.11,readv2
BB9C.00,readv2
BB1F.00,readv2
B8yy100,readv2
BB29.13,readv2
B8y..00,readv2
BB1K.00,readv2
B812400,readv2
B803000,readv2
B831000,readv2
BB5a.00,readv2
B81y900,readv2
BB1D.00,readv2
B803100,readv2
ByuF300,readv2
BB49.00,readv2
BB5S212,readv2
BB9G.00,readv2
B825000,readv2
B801.00,readv2
BB9K.00,readv2
B800900,readv2
BB5V100,readv2
B810800,readv2
B823100,readv2
BB5D111,readv2
BB5f700,readv2
BB5j.00,readv2
7G05D00,readv2
BB2F.00,readv2
B142.11,readv2
B1...11,readv2
B803.00,readv2
BB5B100,readv2
B810700,readv2
B826300,readv2
BB46.00,readv2
B803600,readv2
B83..00,readv2
B800.12,readv2
B823600,readv2
ByuF100,readv2
B803700,readv2
B8yy.00,readv2
B823500,readv2
B800500,readv2
B810100,readv2
B800.00,readv2
BB1L.00,readv2
B825700,readv2
B827.00,readv2
B810811,readv2
BB60.00,readv2
B810.00,readv2
BB2C.11,readv2
B803200,readv2
B808400,readv2
B821.00,readv2
B831.00,readv2
B81y.11,readv2
4K2M.00,readv2
B80z100,readv2
B812000,readv2
B5...11,readv2
BB5V711,readv2
BB71.00,readv2
44a4.00,readv2
BB3G.00,readv2
B804.00,readv2
B807300,readv2
B836000,readv2
B800200,readv2
BB3C.00,readv2
BB5S211,readv2
B827100,readv2
B8yy200,readv2
BB1M.00,readv2
BB42.00,readv2
B827400,readv2
BB32.00,readv2
B150000,readv2
ByuF900,readv2
B141.12,readv2
BBQ4.11,readv2
BB5V700,readv2
B802300,readv2
B81..00,readv2
B82..00,readv2
ByuFC00,readv2
B825400,readv2
BBCA.00,readv2
B802200,readv2
BBB7.00,readv2
B832.11,readv2
B808200,readv2
B810300,readv2
B835.00,readv2
B808300,readv2
B810200,readv2
B830.00,readv2
B833200,readv2
B800800,readv2
B141.11,readv2
B801100,readv2
B800.11,readv2
B825800,readv2
BB91.00,readv2
BB91100,readv2
B812.00,readv2
B824100,readv2
BB5K.00,readv2
BB5C.00,readv2
BB2M.00,readv2
B80z.00,readv2
BB47.00,readv2
B807.00,readv2
B804100,readv2
B80..00,readv2
BB5f111,readv2
B822.00,readv2
B822.11,readv2
B2...11,readv2
B810600,readv2
B830000,readv2
B805.00,readv2
BB5V.00,readv2
BB5D700,readv2
B832000,readv2
B811.00,readv2
BB85.00,readv2
B831.11,readv2
B836.00,readv2
B822000,readv2
B824000,readv2
B833300,readv2
B41..11,readv2
B8yy000,readv2
B820.00,readv2
BB9B.11,readv2
B825600,readv2
BB1B.00,readv2
BB48.00,readv2
BBA2.00,readv2
B160.11,readv2
BB9K000,readv2
BB1E.00,readv2
BB4..00,readv2
B803400,readv2
BB33.00,readv2
BB29.11,readv2
ByuFA00,readv2
B00..11,readv2
BB2J.00,readv2
B836300,readv2
B827300,readv2
B804000,readv2
B824.00,readv2
BB1P.00,readv2
B823400,readv2
B81y500,readv2
B800000,readv2
BB5D513,readv2
BB3F.00,readv2
B812300,readv2
B834.00,readv2
B833.00,readv2
BB9E.00,readv2
B81y.00,readv2
BB1A.00,readv2
BB9E000,readv2
BB26.00,readv2
BB80.00,readv2
B800600,readv2
BB81.11,readv2
BB9H.00,readv2
B33z100,readv2
B807000,readv2
BB2D.00,readv2
BB5J.00,readv2
B134.11,readv2
B338.00,readv2
BB43.11,readv2
B161211,readv2
B33..11,readv2
BBB0.00,readv2
B81y700,readv2
BB35.00,readv2
B825500,readv2
B81y400,readv2
B82y.00,readv2
B826000,readv2
BB5R900,readv2
B823.00,readv2
B3...11,readv2
B808500,readv2
BB85000,readv2
BB21.00,readv2
B826200,readv2
B802100,readv2
B0...11,readv2
B808.11,readv2
B825300,readv2
BB92.00,readv2
BB5a000,readv2
BB60100,readv2
B800100,readv2
B333500,readv2
B337200,readv2
B337400,readv2
B337300,readv2
B3y..00,readv2
B33X.00,readv2
B335A00,readv2
B33..00,readv2
ZV10y14,readv2
B332.00,readv2
B325400,readv2
B335600,readv2
B337500,readv2
Byu4.00,readv2
B335800,readv2
B335500,readv2
B334.00,readv2
B32y.00,readv2
B337100,readv2
B335200,readv2
B337800,readv2
B335000,readv2
B32y000,readv2
B336300,readv2
B335300,readv2
B334100,readv2
B333000,readv2
B332000,readv2
B337.00,readv2
B335700,readv2
B330.00,readv2
B333400,readv2
B335400,readv2
B337600,readv2
B336400,readv2
B828.00,readv2
7G03K00,readv2
B335100,readv2
B336100,readv2
B333200,readv2
B336500,readv2
B335900,readv2
B337700,readv2
B337000,readv2
B33y.00,readv2
B336.00,readv2
B32..00,readv2
B335.00,readv2
B337900,readv2
B333100,readv2
B333300,readv2
B3...00,readv2
B336000,readv2
Byu5A00,readv2
B336200,readv2
B542100,readv2
B082.00,readv2
B072000,readv2
B062300,readv2
B073100,readv2
B071100,readv2
B08y.00,readv2
B213.00,readv2
B115.00,readv2
B828X00,readv2
B483.00,readv2
B014.00,readv2
ByuA000,readv2
ZV10z00,readv2
Byu9000,readv2
B59..00,readv2
B116.00,readv2
B007.00,readv2
Byu8200,readv2
B4A..00,readv2
B52..00,readv2
Byu5400,readv2
B05..00,readv2
B333.00,readv2
B1zy.00,readv2
Byu5700,readv2
B54X.00,readv2
B323.00,readv2
Byu5900,readv2
B52X.00,readv2
B24X.00,readv2
Byu7000,readv2
Byu2000,readv2
B143.00,readv2
A788W00,readv2
ZV67B00,readv2
B00z000,readv2
ByuB100,readv2
B004200,readv2
B45..00,readv2
B828W00,readv2
B004000,readv2
Byu2500,readv2
B40..00,readv2
B00z100,readv2
ByuA200,readv2
Byu4000,readv2
Byu7300,readv2
B5...00,readv2
B1z0.00,readv2
Byu4300,readv2
B055.00,readv2
B0z0.00,readv2
Byu1200,readv2
ByuFF00,readv2
B004.00,readv2
B454.00,readv2
Byu4100,readv2
B152.00,readv2
BB0A.00,readv2
BBK3300,readv2
BBX3.00,readv2
BBX1.00,readv2
BB06.00,readv2
BB07.00,readv2
BBJ6.00,readv2
BBCC100,readv2
BBn3.00,readv2
BB09.00,readv2
BBC4.00,readv2
BBB4.00,readv2
BB08.00,readv2
BB5y000,readv2
BB5W111,readv2
B36..00,readv2
B498.00,readv2
B18y600,readv2
BBP5.00,readv2
B1z..00,readv2
BBP7.00,readv2
BBP1.00,readv2
Byu4200,readv2
BBP3.11,readv2
B181.00,readv2
BB58.00,readv2
N237300,readv2
BBb0.12,readv2
BBGJ.11,readv2
B150200,readv2
BBT1.11,readv2
BBT1.00,readv2
BBDB.00,readv2
B1z1000,readv2
BBVA.00,readv2
B308800,readv2
B308B00,readv2
B440.11,readv2
BB84.00,readv2
BB82114,readv2
BB51.00,readv2
BB82112,readv2
BB81E11,readv2
BB5W112,readv2
BB5J.11,readv2
BB54.00,readv2
BB5..11,readv2
BB82111,readv2
BB5F.00,readv2
BB5S200,readv2
BBV3.00,readv2
BBV..00,readv2
BBV5.00,readv2
BBV2.00,readv2
BBV..12,readv2
B30z000,readv2
BBV4.00,readv2
BB5R100,readv2
BB5R500,readv2
BB9J.11,readv2
BBZ2.00,readv2
B151000,readv2
B151.00,readv2
B15..00,readv2
B16..00,readv2
BB5D300,readv2
B16y.00,readv2
B161.00,readv2
B161200,readv2
B1z0.11,readv2
B10z.11,readv2
B22z.11,readv2
8CP0.00,readv2
B13z.11,readv2
1O0..00,readv2
BBK2.00,readv2
BBK0700,readv2
BBK0400,readv2
BB5L.00,readv2
BB5N.11,readv2
BB5..00,readv2
BB5N.00,readv2
B118.00,readv2
B119.00,readv2
B107.00,readv2
B013000,readv2
B013.00,readv2
ByuA.00,readv2
ByuA100,readv2
B341.00,readv2
BB5W100,readv2
BBK3700,readv2
BBK3200,readv2
BBK2100,readv2
BBH1.00,readv2
BBK1100,readv2
BBGP.00,readv2
B339.00,readv2
BBG8.00,readv2
BBK3611,readv2
BB5j500,readv2
BB96.00,readv2
BB5f200,readv2
BBQ7400,readv2
BBJ3.00,readv2
BBJH.00,readv2
BBW4.11,readv2
BBW6.00,readv2
BBV1.12,readv2
BBW9.00,readv2
BBTK.00,readv2
BB16.00,readv2
BB5U200,readv2
B30X.00,readv2
Byu3.00,readv2
B30W.00,readv2
B30..00,readv2
Byu3100,readv2
Byu3300,readv2
Byu3200,readv2
B150100,readv2
BB56.00,readv2
BB5C100,readv2
BB91000,readv2
BB5f600,readv2
BB81H00,readv2
BBG8.11,readv2
B1z1100,readv2
BBZN.11,readv2
B182.00,readv2
BB5N100,readv2
BB5L300,readv2
BB5L100,readv2
BB5L200,readv2
BBJ5.12,readv2
B517100,readv2
B540100,readv2
BBM7.11,readv2
BBM9.00,readv2
B933.11,readv2
BBQ7300,readv2
B420.00,readv2
BB5D100,readv2
B911013,readv2
BBR2.00,readv2
BBE1.11,readv2
BBE1.14,readv2
BBZC.00,readv2
BBZG.00,readv2
BBZN.00,readv2
B545200,readv2
B553200,readv2
B306400,readv2
BBJ8.00,readv2
BBJ5.00,readv2
BBJ7.00,readv2
4F32.00,readv2
B174.00,readv2
BB5B600,readv2
ZV10014,readv2
B201100,readv2
B201200,readv2
B51..11,readv2
B073200,readv2
B200200,readv2
B051.00,readv2
B451000,readv2
B200300,readv2
B542.00,readv2
B542000,readv2
BB5S400,readv2
B514.00,readv2
B300400,readv2
BB61200,readv2
B454.11,readv2
BBR4.00,readv2
BBR3.00,readv2
B213100,readv2
B080.00,readv2
BBEV.00,readv2
B305D00,readv2
B308D00,readv2
ByuD400,readv2
B62x500,readv2
B593.00,readv2
B595.00,readv2
ByuE.00,readv2
B592.00,readv2
ByuE000,readv2
B017.00,readv2
BB57.00,readv2
B322100,readv2
B332100,readv2
B524600,readv2
BBQ7500,readv2
B136.00,readv2
B132.00,readv2
BBV9.00,readv2
B553100,readv2
B306300,readv2
BBEG000,readv2
B507000,readv2
B306500,readv2
BB81800,readv2
BBK3600,readv2
BBLA.00,readv2
BB62100,readv2
BBB5.00,readv2
BBG3.00,readv2
BBe2.00,readv2
BBJ1.11,readv2
BBB2.00,readv2
BBB3.00,readv2
B201300,readv2
B54..00,readv2
B500.00,readv2
B505.00,readv2
Byu1300,readv2
ByuD.00,readv2
BBL8.00,readv2
B803500,readv2
B135.00,readv2
B213000,readv2
BB69100,readv2
BB5f300,readv2
B221000,readv2
B510.00,readv2
BBdB.00,readv2
BB82100,readv2
BB5M100,readv2